<?xml version="1.0" encoding="UTF-8"?>
<beans xmlns="http://www.springframework.org/schema/beans"
	xmlns:xsi="http://www.w3.org/2001/XMLSchema-instance"
	xmlns:context="http://www.springframework.org/schema/context"
	xmlns:mybatis-spring="http://mybatis.org/schema/mybatis-spring"
	xsi:schemaLocation="http://mybatis.org/schema/mybatis-spring http://mybatis.org/schema/mybatis-spring-1.2.xsd
		http://www.springframework.org/schema/beans https://www.springframework.org/schema/beans/spring-beans.xsd
		http://www.springframework.org/schema/context http://www.springframework.org/schema/context/spring-context-4.3.xsd">
	
	<!-- Root Context: defines shared resources visible to all other web components -->
		<bean id="hikariConfig" class="com.zaxxer.hikari.HikariConfig">
	<!-- <property name="driverClassName" value="oracle.jdbc.driver.OracleDriver"></property>
			<property name="jdbcUrl" value="jdbc:oracle:thin:@local:1521:XE"></property>
	-->
			 
			<property name="driverClassName" value="net.sf.log4jdbc.sql.jdbcapi.DriverSpy"></property>
			<property name="jdbcUrl" value="jdbc:log4jdbc:oracle:thin:@localhost:1521:XE"></property>
			
			<property name="username" value="book_ex"></property>
			<property name="password" value="book_ex"></property>
		</bean>
		
		<!-- HikariCP configuration -->
		<bean id="dataSource" class="com.zaxxer.hikari.HikariDataSource" destroy-method="close">
			<constructor-arg ref="hikariConfig"/>
		</bean>
		
		<bean id="sqlSessionFactory" class="org.mybatis.spring.SqlSessionFactoryBean">
			<property name="dataSource" ref="dataSource"></property>
		</bean>
		
		<mybatis-spring:scan base-package="org.zerock.mapper"/>
		
		<context:component-scan base-package="org.zerock.sample"></context:component-scan>
		
		
	<context:component-scan base-package="org.zerock.sample">
	</context:component-scan>
</beans>
